Activity Label,Activity Type,Date,Favorite,Title,Distance,Calories,Time,Avg HR,Max HR,Aerobic TE,Avg Run Cadence,Max Run Cadence,Avg Pace,Best Pace,Total Ascent,Total Descent,Avg Stride Length,Avg Vertical Ratio,Avg Vertical Oscillation,Avg Ground Contact Time,Avg GAP,Normalized Power® (NP®),Training Stress Score®,Avg Power,Max Power,Grit,Flow,Total Strokes,Avg. Swolf,Avg Stroke Rate,Total Reps,Min Temp,Decompression,Best Lap Time,Number of Laps,Max Temp,Avg Resp,Min Resp,Max Resp,Moving Time,Elapsed Time,Min Elevation,Max Elevation
Recovery,Running,2024-10-27 12:35:41,false,"Charlottesville Running","5.20","549","00:35:17","141","162","2.9","149","163","6:47","5:48","223","203","1.58","7.8","12.4","279","6:45","426","0.0","422","583","NaN","NaN","--","NaN","NaN","NaN","71.6","No","00:35:17","1","78.8","--","--","--","00:35:17","00:38:35","492","594"
Long Run,Running,2024-10-26 09:56:07,false,"Albemarle County Running","12.01","1,273","01:19:18","149","164","3.6","151","162","6:36","5:53","617","558","1.61","7.7","12.4","273","6:35","440","0.0","434","644","NaN","NaN","--","NaN","NaN","NaN","73.4","No","01:19:18","1","82.4","--","--","--","01:19:15","01:23:02","409","491"
Double,Running,2024-10-25 17:07:43,false,"Charlottesville Running","4.03","455","00:28:55","145","161","2.7","149","162","7:10","6:02","190","190","1.49","8.1","12.0","284","7:09","408","0.0","402","562","NaN","NaN","--","NaN","NaN","NaN","75.2","No","00:28:55","1","80.6","--","--","--","00:28:53","00:29:46","534","587"
Workout,Running,2024-10-25 08:01:23,false,"Albemarle County Running","9.02","895","00:58:10","148","177","3.4","144","214","6:27","3:41","341","364","1.70","7.1","11.6","256","6:27","455","0.0","413","751","NaN","NaN","--","NaN","NaN","NaN","53.6","No","00:00:42.2","10","71.6","--","--","--","00:55:40","01:29:39","306","387"
Training Run,Running,2024-10-24 09:59:32,false,"Charlottesville Running","9.21","904","00:59:20","140","164","3.2","151","167","6:26","5:06","610","669","1.64","7.5","12.3","264","6:23","455","0.0","445","642","NaN","NaN","--","NaN","NaN","NaN","71.6","No","00:59:20","1","80.6","--","--","--","00:59:11","01:03:59","327","606"
Training Run,Running,2024-10-23 08:17:52,false,"Charlottesville Running","9.00","877","01:00:49","125","138","3.0","151","161","6:45","6:01","433","413","1.57","7.8","12.1","272","6:44","427","0.0","422","566","NaN","NaN","--","NaN","NaN","NaN","55.4","No","01:00:49","1","78.8","--","--","--","01:00:43","01:04:51","440","600"
Double,Running,2024-10-22 16:26:02,false,"Charlottesville Running","4.12","431","00:28:19","140","152","2.5","150","177","6:52","5:44","230","246","1.56","7.8","12.2","277","6:50","423","0.0","417","562","NaN","NaN","--","NaN","NaN","NaN","78.8","No","00:28:19","1","84.2","--","--","--","00:28:15","00:29:47","482","588"
Workout,Running,2024-10-22 08:00:44,false,"Albemarle County Running","12.50","1,153","01:23:05","146","172","3.3","135","192","6:39","3:44","322","341","1.78","6.6","11.1","245","6:39","456","0.0","387","790","NaN","NaN","--","NaN","NaN","NaN","60.8","No","00:00:48.0","26","71.6","--","--","--","01:17:13","01:51:21","306","387"
Training Run,Running,2024-10-21 07:43:03,false,"Charlottesville Running","9.01","896","01:02:58","134","150","2.8","151","167","7:00","6:02","308","305","1.51","7.9","11.9","274","7:00","405","0.0","401","641","NaN","NaN","--","NaN","NaN","NaN","64.4","No","01:02:58","1","75.2","--","--","--","01:02:46","01:08:50","432","552"
Long Run,Running,2024-10-20 14:34:22,false,"Charlottesville Running","13.01","1,366","01:19:52","157","173","4.2","153","167","6:08","4:42","935","991","1.70","7.3","12.4","259","6:06","470","0.0","461","674","NaN","NaN","--","NaN","NaN","NaN","80.6","No","01:19:52","1","89.6","--","--","--","01:19:42","01:27:02","354","693"
Double,Running,2024-10-19 16:05:46,false,"Charlottesville Running","4.04","458","00:28:42","150","163","2.8","149","163","7:07","5:30","230","200","1.51","8.0","12.1","283","7:04","411","0.0","405","569","NaN","NaN","--","NaN","NaN","NaN","78.8","No","00:28:42","1","84.2","--","--","--","00:28:42","00:30:01","480","591"
WU/CD,Running,2024-10-19 09:41:29,false,"Albemarle County Running","2.50","283","00:19:41","144","159","2.1","144","158","7:52","6:36","52","39","1.40","8.4","11.9","299","7:54","359","0.0","360","468","NaN","NaN","--","NaN","NaN","NaN","66.2","No","00:19:41","1","77.0","--","--","--","00:19:34","00:47:18","503","525"
WU/CD,Running,2024-10-19 07:50:48,false,"Albemarle County Running","2.54","265","00:16:47","143","163","2.4","154","174","6:36","4:45","118","118","1.57","7.6","11.8","264","6:37","434","0.0","426","636","NaN","NaN","--","NaN","NaN","NaN","59.0","No","00:03:22.0","2","66.2","--","--","--","00:16:46","00:29:55","463","520"
Shakeout,Running,2024-10-19 05:54:11,false,"Charlottesville Running","0.73","93","00:05:39.3","160","170","1.6","154","167","7:48","5:57","118","66","1.36","8.3","11.2","281","7:31","394","0.0","381","531","NaN","NaN","--","NaN","NaN","NaN","73.4","No","00:05:39.3","1","75.2","--","--","--","00:05:37","00:05:39.3","549","596"
Training Run,Running,2024-10-18 08:40:35,false,"Charlottesville Running","5.05","491","00:34:22","133","149","2.4","150","161","6:48","5:53","256","240","1.56","7.8","12.2","275","6:49","421","0.0","416","586","NaN","NaN","--","NaN","NaN","NaN","60.8","No","00:34:22","1","73.4","--","--","--","00:34:14","00:37:06","487","594"
Training Run,Running,2024-10-17 14:49:34,false,"Charlottesville Running","7.01","698","00:46:27","139","158","3.0","150","163","6:38","5:32","381","417","1.60","7.7","12.4","274","6:37","443","0.0","434","608","NaN","NaN","--","NaN","NaN","NaN","75.2","No","00:46:27","1","84.2","--","--","--","00:46:23","00:48:28","371","582"
Double,Running,2024-10-16 16:20:09,false,"Charlottesville Running","4.01","413","00:27:19","137","154","2.5","150","163","6:49","6:05","194","203","1.56","7.8","12.2","277","6:47","427","0.0","421","552","NaN","NaN","--","NaN","NaN","NaN","68.0","No","00:27:19","1","75.2","--","--","--","00:27:18","00:27:30","519","587"
Workout,Running,2024-10-16 07:39:18,false,"Charlottesville Running","7.01","716","00:47:57","143","174","2.9","146","193","6:51","3:47","161","154","1.58","7.6","11.5","271","6:51","429","0.0","397","694","NaN","NaN","--","NaN","NaN","NaN","55.4","No","00:00:03.6","19","73.4","30","14","39","00:46:28","01:20:01","539","591"
Training Run,Running,2024-10-15 09:16:44,false,"Albemarle County Running","9.01","937","00:59:45","146","162","3.2","153","161","6:38","5:53","505","502","1.58","7.7","12.1","269","6:36","438","0.0","431","607","NaN","NaN","--","NaN","NaN","NaN","64.4","No","00:59:45","1","73.4","31","13","39","00:59:40","01:01:39","703","855"
Workout,Running,2024-10-14 09:03:02,false,"Albemarle County Running","9.01","973","00:58:41","157","186","3.7","140","200","6:31","4:06","371","322","1.74","7.0","11.6","256","6:31","461","0.0","411","738","NaN","NaN","--","NaN","NaN","NaN","66.2","No","00:01:18.0","16","78.8","34","18","46","00:56:45","01:31:55","297","384"
Recovery,Running,2024-10-13 11:06:24,false,"Charlottesville Running","5.04","527","00:37:39","134","152","2.4","146","155","7:28","5:19","187","233","1.47","8.3","12.1","294","7:28","393","0.0","387","640","NaN","NaN","--","NaN","NaN","NaN","75.2","No","00:37:39","1","84.2","--","--","--","00:37:32","00:46:49","306","417"
Long Run,Running,2024-10-12 10:04:53,false,"Louisa County Running","12.00","1,262","01:19:03","150","165","3.5","151","162","6:35","5:45","525","492","1.61","7.7","12.3","272","6:34","437","0.0","434","612","NaN","NaN","--","NaN","NaN","NaN","73.4","No","01:19:03","1","86.0","34","19","42","01:18:58","01:26:27","334","493"
Double,Running,2024-10-11 16:05:27,false,"Charlottesville Running","4.03","423","00:28:34","139","150","2.4","149","163","7:05","5:56","302","285","1.51","8.0","12.0","280","7:00","413","0.0","407","609","NaN","NaN","--","NaN","NaN","NaN","75.2","No","00:28:34","1","86.0","--","--","--","00:28:29","00:31:48","538","769"
Long Run,Running,2024-10-11 08:05:04,false,"Charlottesville Running","11.09","1,129","01:05:30","157","196","4.0","154","190","5:54","3:41","174","144","1.73","7.0","11.6","256","5:56","469","0.0","447","684","NaN","NaN","--","NaN","NaN","NaN","64.4","No","00:00:03.1","37","78.8","--","--","--","01:05:11","01:52:45","532","574"
Training Run,Running,2024-10-10 12:32:45,false,"Charlottesville Running","9.51","1,006","01:03:04","142","167","3.5","149","181","6:38","4:03","571","659","1.61","7.7","12.3","273","6:35","436","0.0","430","639","NaN","NaN","--","NaN","NaN","NaN","73.4","No","01:03:04","1","82.4","--","--","--","01:02:48","01:08:54","330","592"
Training Run,Running,2024-10-09 08:21:19,false,"Charlottesville Running","9.01","963","01:02:19","140","158","3.2","149","167","6:55","5:34","351","354","1.55","7.9","12.2","279","6:56","413","0.0","409","561","NaN","NaN","--","NaN","NaN","NaN","64.4","No","01:02:19","1","75.2","--","--","--","01:02:14","01:07:20","371","581"
Double,Running,2024-10-08 17:07:05,false,"Charlottesville Running","5.01","499","00:35:29","126","148","2.4","149","158","7:05","6:13","236","236","1.52","8.0","12.2","284","7:04","410","0.0","405","548","NaN","NaN","--","NaN","NaN","NaN","71.6","No","00:35:29","1","78.8","--","--","--","00:35:26","00:36:34","489","591"
Workout,Running,2024-10-08 08:07:40,false,"Albemarle County Running","10.01","1,059","01:07:25","151","182","3.7","135","200","6:44","4:05","413","423","1.75","6.9","11.5","253","6:42","455","0.0","392","691","NaN","NaN","--","NaN","NaN","NaN","64.4","No","00:00:03.6","13","78.8","34","19","51","01:02:22","01:46:01","453","516"
Training Run,Running,2024-10-07 08:15:35,false,"Charlottesville Running","9.35","1,075","01:03:10","153","170","3.9","152","205","6:45","4:07","512","522","1.56","7.8","12.0","272","6:44","426","0.0","420","645","NaN","NaN","--","NaN","NaN","NaN","73.4","No","01:03:10","1","84.2","--","--","--","01:03:02","01:09:20","440","602"
Long Run,Running,2024-10-06 09:43:47,false,"Albemarle County Running","14.06","1,444","01:25:01","151","167","4.1","155","167","6:03","5:25","961","942","1.71","7.2","12.3","252","6:00","478","0.0","469","672","NaN","NaN","--","NaN","NaN","NaN","73.4","No","01:25:01","1","86.0","35","20","44","01:24:56","01:28:07","602","877"
Recovery,Running,2024-10-05 13:45:02,false,"Charlottesville Running","5.96","673","00:43:59","142","158","2.8","150","167","7:23","6:38","259","269","1.44","8.1","11.8","284","7:22","392","0.0","386","562","NaN","NaN","--","NaN","NaN","NaN","84.2","No","00:43:59","1","93.2","--","--","--","00:43:53","00:54:43","497","606"
Double,Running,2024-10-04 16:25:26,false,"Charlottesville Running","5.01","538","00:30:18","156","172","3.4","154","165","6:03","5:15","207","194","1.72","7.2","12.4","253","6:02","471","0.0","465","647","NaN","NaN","--","NaN","NaN","NaN","84.2","No","00:30:18","1","87.8","--","--","--","00:30:12","00:31:54","493","594"
WU/CD,Running,2024-10-04 09:40:25,false,"Albemarle County Running","2.02","231","00:14:46","139","150","2.2","150","167","7:19","6:13","92","112","1.46","8.1","11.8","281","7:16","396","0.0","389","520","NaN","NaN","--","NaN","NaN","NaN","78.8","No","00:14:46","1","82.4","--","--","--","00:14:45","00:15:14","541","613"
Workout,Running,2024-10-04 08:45:34,false,"Albemarle County Running","7.01","735","00:36:42","173","182","4.5","158","169","5:14","4:26","558","568","1.94","6.4","12.5","233","5:10","532","0.0","518","754","NaN","NaN","--","NaN","NaN","NaN","73.4","No","00:36:42","1","82.4","40","31","48","00:36:40","00:36:42","484","578"
WU/CD,Running,2024-10-04 08:10:24,false,"Charlottesville Running","2.02","216","00:14:07","133","144","2.3","152","167","7:00","6:18","138","154","1.52","7.9","12.0","275","6:56","418","0.0","408","579","NaN","NaN","--","NaN","NaN","NaN","75.2","No","00:14:07","1","80.6","--","--","--","00:14:04","00:14:42","514","609"
Training Run,Running,2024-10-03 06:45:49,false,"Charlottesville Running","8.47","923","01:02:15","135","148","3.1","150","236","7:21","6:31","479","308","1.45","8.1","11.8","284","7:17","395","0.0","390","534","NaN","NaN","--","NaN","NaN","NaN","73.4","No","01:02:15","1","82.4","--","--","--","01:02:10","01:14:20","369","576"
Trianing Run,Running,2024-10-02 08:51:42,false,"Charlottesville Running","9.97","1,082","01:06:27","146","164","3.6","151","167","6:40","5:38","620","604","1.58","7.7","12.2","270","6:37","434","0.0","428","606","NaN","NaN","--","NaN","NaN","NaN","73.4","No","01:06:27","1","82.4","--","--","--","01:06:18","01:10:46","365","604"
Double,Running,2024-10-01 18:13:11,false,"Charlottesville Running","5.43","565","00:34:09","146","165","3.2","150","170","6:17","4:13","299","361","1.67","7.4","12.4","262","6:19","453","0.0","445","635","NaN","NaN","--","NaN","NaN","NaN","73.4","No","00:34:09","1","80.6","--","--","--","00:34:01","00:36:52","436","592"
Workout,Running,2024-10-01 07:38:42,false,"Charlottesville Running","11.05","1,197","01:08:40","157","186","4.4","148","240","6:13","4:16","213","243","1.73","7.1","11.9","259","6:12","460","0.0","432","627","NaN","NaN","--","NaN","NaN","NaN","73.4","No","00:01:03.1","15","80.6","37","21","47","01:07:09","01:36:24","494","568"
Training Run,Treadmill Running,2024-09-30 08:04:21,false,"Treadmill Running","9.00","870","00:57:00","142","154","3.1","146","167","6:20","4:51","--","--","1.47","8.3","12.2","298","--","367","0.0","362","545","NaN","NaN","--","NaN","NaN","NaN","--","No","00:57:00","1","NaN","32","21","40","00:56:19","01:04:36","--","--"
Long Run,Running,2024-09-29 09:48:36,false,"Albemarle County Running","14.01","1,524","01:26:44","159","171","4.4","154","167","6:12","4:50","945","961","1.68","7.3","12.3","257","6:08","476","0.0","467","663","NaN","NaN","--","NaN","NaN","NaN","78.8","No","01:26:44","1","86.0","36","22","48","01:26:41","01:33:07","621","873"
WU/CD,Running,2024-09-27 12:17:01,false,"Madison Running","2.45","304","00:19:02","148","159","2.5","146","156","7:46","6:25","151","148","1.42","8.3","11.7","290","7:41","379","0.0","370","513","NaN","NaN","--","NaN","NaN","NaN","80.6","No","00:19:02","1","86.0","--","--","--","00:18:48","00:22:06","1,032","1,115"
WU/CD,Running,2024-09-27 10:46:53,false,"Madison Running","2.55","261","00:17:14","132","177","2.3","150","188","6:45","4:00","138","118","1.57","7.8","12.1","276","6:44","434","0.0","428","686","NaN","NaN","--","NaN","NaN","NaN","78.8","No","00:03:16.1","2","82.4","--","--","--","00:17:11","00:30:00","1,037","1,117"
Shakeout,Running,2024-09-27 07:46:14,false,"Madison Running","1.35","138","00:10:00","123","138","1.5","146","161","7:25","5:10","39","26","1.48","8.1","11.9","282","7:24","389","0.0","387","546","NaN","NaN","--","NaN","NaN","NaN","73.4","No","00:10:00","1","82.4","--","--","--","00:09:52","00:12:06","865","903"
Training Run,Running,2024-09-26 11:14:53,false,"Madison Running","5.04","547","00:33:44","141","164","3.1","152","167","6:41","5:46","289","295","1.58","7.7","12.2","271","6:39","433","0.0","428","593","NaN","NaN","--","NaN","NaN","NaN","82.4","No","00:33:44","1","89.6","--","--","--","00:33:41","00:34:27","1,056","1,144"
Training Run,Running,2024-09-25 15:12:06,false,"Oregon Running","8.02","792","00:52:46","132","155","3.1","149","161","6:35","6:04","118","118","1.64","7.7","12.7","278","6:36","431","0.0","430","482","NaN","NaN","--","NaN","NaN","NaN","77.0","No","00:52:46","1","86.0","--","--","--","00:52:45","00:54:16","885","1,010"
Double,Running,2024-09-24 14:20:54,false,"Charlottesville Running","4.00","426","00:28:52","131","144","2.5","147","170","7:13","6:07","217","240","1.49","8.1","12.0","285","7:13","399","0.0","391","623","NaN","NaN","--","NaN","NaN","NaN","73.4","No","00:28:52","1","82.4","--","--","--","00:28:46","00:30:05","385","563"
Workout,Running,2024-09-24 07:35:41,false,"Charlottesville Running","8.14","785","00:51:34","138","163","3.1","152","184","6:20","4:14","157","154","1.65","7.4","11.8","270","6:20","444","0.0","427","634","NaN","NaN","--","NaN","NaN","NaN","71.6","No","00:01:01.3","15","80.6","--","--","--","00:51:26","01:12:38","538","573"
Training Run,Running,2024-09-23 08:14:21,false,"Charlottesville Running","9.17","1,025","01:02:01","148","165","3.6","151","171","6:46","5:22","351","351","1.57","7.8","12.2","274","6:44","428","0.0","423","599","NaN","NaN","--","NaN","NaN","NaN","73.4","No","01:02:01","1","82.4","--","--","--","01:01:58","01:05:01","303","413"
Long Run,Running,2024-09-22 09:52:38,false,"Louisa County Running","12.03","1,219","01:20:51","135","155","3.3","150","167","6:43","5:21","499","486","1.59","7.8","12.3","276","6:42","429","0.0","425","579","NaN","NaN","--","NaN","NaN","NaN","78.8","No","01:20:51","1","84.2","--","--","--","01:20:48","01:26:43","346","490"
Training Run,Running,2024-09-21 10:34:48,false,"Charlottesville Running","5.51","581","00:38:17","136","153","2.8","147","172","6:57","6:12","243","226","1.56","7.9","12.4","284","6:58","415","0.0","411","539","NaN","NaN","--","NaN","NaN","NaN","80.6","No","00:38:17","1","89.6","--","--","--","00:38:10","00:40:47","505","583"
Double,Running,2024-09-20 16:13:14,false,"Charlottesville Running","4.01","443","00:28:03","140","149","2.7","149","161","7:00","5:56","194","200","1.54","7.9","12.2","281","6:59","414","0.0","409","552","NaN","NaN","--","NaN","NaN","NaN","86.0","No","00:28:03","1","95.0","--","--","--","00:28:00","00:28:32","501","598"
Workout,Running,2024-09-20 08:04:14,false,"Albemarle County Running","10.06","1,062","01:03:04","153","184","3.8","148","214","6:16","3:59","486","495","1.72","7.2","12.0","259","6:15","460","0.0","434","709","NaN","NaN","--","NaN","NaN","NaN","71.6","No","00:00:02.5","10","87.8","33","16","45","01:01:19","01:38:56","453","520"
Training Run,Running,2024-09-19 09:10:15,false,"Charlottesville Running","9.53","981","01:02:55","140","160","3.3","146","191","6:36","3:44","400","397","1.62","7.7","12.4","276","6:40","425","0.0","422","715","NaN","NaN","--","NaN","NaN","NaN","78.8","No","00:01:03.1","2","86.0","--","--","--","01:02:40","01:16:15","417","557"
Training Run,Running,2024-09-18 10:52:51,false,"Charlottesville Running","11.52","1,239","01:16:26","143","162","3.6","149","167","6:38","4:54","748","758","1.62","7.7","12.5","276","6:35","442","0.0","436","708","NaN","NaN","--","NaN","NaN","NaN","78.8","No","01:16:26","1","84.2","--","--","--","01:16:20","01:25:27","424","599"
Workout,Running,2024-09-17 07:34:29,false,"Charlottesville Running","10.54","1,137","01:03:21","159","180","4.4","154","167","6:01","4:40","236","217","1.73","7.1","12.1","256","5:59","473","0.0","461","605","NaN","NaN","--","NaN","NaN","NaN","71.6","No","00:01:00.6","17","82.4","--","--","--","01:03:09","01:26:37","532","575"
Training Run,Running,2024-09-16 07:43:50,false,"Charlottesville Running","10.01","1,008","01:11:10","128","147","2.9","149","178","7:07","4:14","279","266","1.51","8.0","12.1","285","7:08","400","0.0","399","663","NaN","NaN","--","NaN","NaN","NaN","68.0","No","00:02:49.0","2","77.0","--","--","--","01:11:07","01:16:08","480","573"
Long Run,Running,2024-09-15 09:46:35,false,"Albemarle County Running","14.01","1,520","01:32:46","151","163","3.9","153","162","6:37","5:44","955","945","1.58","7.7","12.1","268","6:34","441","0.0","434","608","NaN","NaN","--","NaN","NaN","NaN","73.4","No","01:32:46","1","84.2","33","19","41","01:32:45","01:36:10","610","875"
WU/CD,Running,2024-09-14 09:31:49,false,"Albemarle County Running","4.35","511","00:32:27","149","170","2.9","146","161","7:27","5:16","52","36","1.46","8.2","11.9","287","7:29","375","0.0","376","545","NaN","NaN","--","NaN","NaN","NaN","78.8","No","00:32:27","1","89.6","--","--","--","00:32:16","01:08:00","496","526"
WU/CD,Running,2024-09-14 07:51:41,false,"Albemarle County Running","2.68","283","00:18:02","135","160","2.4","153","181","6:44","4:05","92","105","1.56","7.7","11.8","268","6:45","423","0.0","417","608","NaN","NaN","--","NaN","NaN","NaN","69.8","No","00:03:03.6","2","77.0","--","--","--","00:17:59","00:29:55","465","519"
Training Run,Running,2024-09-13 08:43:29,false,"Albemarle County Running","5.04","551","00:33:47","142","152","3.0","153","176","6:42","5:18","331","354","1.56","7.7","12.0","268","6:39","438","0.0","427","665","NaN","NaN","--","NaN","NaN","NaN","73.4","No","00:33:47","1","82.4","--","--","--","00:33:47","00:33:47","448","508"
Workout,Running,2024-09-12 08:11:06,false,"Charlottesville Running","7.03","736","00:45:00","144","167","3.1","154","200","6:24","3:42","233","177","1.61","7.5","11.8","264","6:26","440","0.0","430","716","NaN","NaN","--","NaN","NaN","NaN","69.8","No","00:00:02.9","20","80.6","--","--","--","00:44:47","01:12:56","533","577"
Training Run,Running,2024-09-11 07:43:19,false,"Charlottesville Running","8.14","834","00:54:59","136","147","3.0","153","165","6:45","5:56","387","400","1.54","7.7","11.8","267","6:45","423","0.0","418","575","NaN","NaN","--","NaN","NaN","NaN","64.4","No","00:54:59","1","77.0","--","--","--","00:54:53","00:58:01","442","602"
Double,Running,2024-09-10 18:01:04,false,"Charlottesville Running","5.02","549","00:35:28","139","154","2.8","151","163","7:04","6:09","233","230","1.50","7.9","11.9","276","7:02","407","0.0","402","548","NaN","NaN","--","NaN","NaN","NaN","80.6","No","00:35:28","1","86.0","--","--","--","00:35:24","00:37:15","486","583"
Workout,Running,2024-09-10 08:03:53,false,"Albemarle County Running","9.02","908","00:56:03","146","178","3.5","150","205","6:13","3:30","295","282","1.70","7.1","11.7","253","6:13","453","0.0","433","753","NaN","NaN","--","NaN","NaN","NaN","69.8","No","00:00:02.5","16","82.4","32","11","44","00:54:44","01:36:20","290","390"
Training Run,Running,2024-09-09 07:45:20,false,"Charlottesville Running","9.26","924","01:02:38","132","150","3.1","154","187","6:46","3:53","499","502","1.53","7.7","11.8","267","6:44","424","0.0","418","656","NaN","NaN","--","NaN","NaN","NaN","60.8","No","00:03:28.1","2","73.4","--","--","--","01:02:29","01:09:09","374","602"
Recovery,Running,2024-09-08 12:43:36,false,"Albemarle County Running","6.00","660","00:44:45","137","145","2.8","151","161","7:27","5:53","564","535","1.44","8.2","11.8","285","7:16","407","0.0","395","575","NaN","NaN","--","NaN","NaN","NaN","75.2","No","00:44:45","1","89.6","--","--","--","00:44:45","00:45:24","390","696"
Long Run,Running,2024-09-07 08:36:42,false,"Albemarle County Running","13.51","1,385","01:28:47","142","166","3.6","155","167","6:34","5:40","951","879","1.58","7.6","11.9","263","6:30","443","0.0","435","638","NaN","NaN","--","NaN","NaN","NaN","71.6","No","01:28:47","1","82.4","--","--","--","01:28:45","01:33:41","574","868"
Workout,Running,2024-09-06 16:03:30,false,"Charlottesville Running","6.01","635","00:36:46","154","177","3.4","149","212","6:07","4:16","56","43","1.74","7.0","11.8","255","6:04","459","0.0","433","616","NaN","NaN","--","NaN","NaN","NaN","82.4","No","00:00:47.0","13","91.4","34","15","47","00:36:35","00:51:50","534","572"
Workout,Running,2024-09-06 07:38:26,false,"Charlottesville Running","9.00","959","00:55:43","154","182","3.9","152","188","6:11","3:33","220","194","1.68","7.1","11.5","254","6:11","457","0.0","433","724","NaN","NaN","--","NaN","NaN","NaN","68.0","No","00:00:05.2","11","80.6","35","14","51","00:54:57","01:25:42","533","583"
Training Run,Running,2024-09-05 10:24:30,false,"Charlottesville Running","9.02","982","01:00:13","145","163","3.4","153","200","6:40","4:01","374","371","1.57","7.7","12.1","269","6:38","432","0.0","427","669","NaN","NaN","--","NaN","NaN","NaN","75.2","No","00:03:01.5","3","82.4","--","--","--","01:00:11","01:03:54","478","585"
Training Run,Running,2024-09-04 07:46:05,false,"Charlottesville Running","11.08","1,141","01:14:04","140","153","3.3","153","167","6:41","5:24","614","614","1.56","7.7","11.9","266","6:39","431","0.0","425","617","NaN","NaN","--","NaN","NaN","NaN","66.2","No","01:14:04","1","73.4","--","--","--","01:13:52","01:19:22","455","766"
Double,Running,2024-09-03 17:13:29,false,"Charlottesville Running","5.01","523","00:29:27","156","167","3.3","154","175","5:53","5:05","230","256","1.76","7.0","12.4","248","5:51","488","0.0","479","649","NaN","NaN","--","NaN","NaN","NaN","80.6","No","00:29:27","1","86.0","--","--","--","00:29:23","00:30:39","497","592"
Workout,Running,2024-09-03 08:11:14,false,"Albemarle County Running","11.01","1,164","01:10:09","150","177","3.8","147","235","6:22","3:54","531","551","1.70","6.9","11.5","248","6:18","460","0.0","423","681","NaN","NaN","--","NaN","NaN","NaN","69.8","No","00:00:44.7","18","78.8","32","17","45","01:07:44","01:38:43","460","522"
Training Run,Running,2024-09-02 07:43:06,false,"Charlottesville Running","9.52","967","01:07:09","132","159","3.0","153","177","7:03","4:30","459","453","1.48","7.9","11.7","273","7:03","402","0.0","397","573","NaN","NaN","--","NaN","NaN","NaN","77.0","No","00:02:31.2","2","82.4","29","19","39","01:07:00","01:12:46","394","558"
Long Run,Running,2024-09-01 23:00:00,false,"Running","14.00","1,547","01:28:00","154","--","--","154","--","6:17","--","968","968","1.66","NaN","NaN","NaN","--","--","0.0","--","--","NaN","NaN","--","NaN","NaN","NaN","--","No","01:28:00","1","NaN","--","--","--","00:NaN:NaN","01:28:00","--","--"
WU/CD,Running,2024-08-31 09:52:09,false,"Hanover County Running","5.01","584","00:36:21","149","160","3.0","151","167","7:15","6:26","69","62","1.47","8.0","11.8","280","7:13","391","0.0","389","495","NaN","NaN","--","NaN","NaN","NaN","86.0","No","00:36:21","1","89.6","--","--","--","00:36:18","00:41:13","149","192"
WU/CD,Running,2024-08-31 08:21:14,false,"Hanover County Running","2.59","252","00:16:59","130","163","2.2","153","175","6:33","5:00","56","62","1.58","7.6","11.9","262","6:36","426","0.0","422","581","NaN","NaN","--","NaN","NaN","NaN","80.6","No","00:03:27.8","2","82.4","--","--","--","00:16:57","00:31:38","146","175"
Training Run,Running,2024-08-30 07:43:09,false,"Charlottesville Running","5.00","530","00:35:23","136","159","2.7","153","188","7:05","5:25","344","341","1.47","7.9","11.6","272","7:00","414","0.0","403","657","NaN","NaN","--","NaN","NaN","NaN","78.8","No","00:35:23","1","84.2","--","--","--","00:35:21","00:37:52","509","608"
Workout,Running,2024-08-29 09:09:12,false,"Charlottesville Running","8.00","877","00:51:43","152","175","3.4","154","184","6:28","3:49","233","233","1.59","7.5","11.9","264","6:30","433","0.0","426","689","NaN","NaN","--","NaN","NaN","NaN","84.2","No","00:00:32.8","18","93.2","--","--","--","00:51:37","01:12:58","530","577"
Training Run,Running,2024-08-28 07:38:31,false,"Charlottesville Running","9.08","1,009","01:03:18","146","162","3.4","151","167","6:58","5:56","394","354","1.51","7.9","11.9","275","6:58","409","0.0","405","620","NaN","NaN","--","NaN","NaN","NaN","82.4","No","01:03:18","1","87.8","--","--","--","01:03:06","01:08:48","436","596"
Double,Running,2024-08-27 17:12:37,false,"Charlottesville Running","4.90","533","00:33:51","141","161","3.0","152","214","6:55","5:40","236","243","1.52","7.8","11.9","272","6:54","413","0.0","410","537","NaN","NaN","--","NaN","NaN","NaN","89.6","No","00:33:51","1","93.2","--","--","--","00:33:47","00:37:27","512","587"
Workout,Running,2024-08-27 07:57:15,false,"Albemarle County Running","10.01","1,085","01:03:15","158","184","4.2","151","187","6:19","4:17","308","315","1.67","7.2","11.8","257","6:17","449","0.0","427","624","NaN","NaN","--","NaN","NaN","NaN","78.8","No","00:01:59.2","9","89.6","35","23","44","01:02:43","01:31:33","304","382"
Training Run,Running,2024-08-26 07:43:17,false,"Charlottesville Running","10.05","1,046","01:07:37","138","153","3.3","154","181","6:44","4:03","423","407","1.54","7.7","11.8","266","6:43","423","0.0","419","679","NaN","NaN","--","NaN","NaN","NaN","77.0","No","00:06:19.6","2","87.8","--","--","--","01:07:28","01:17:15","370","598"
Long Run,Running,2024-08-25 08:22:54,false,"Louisa County Running","14.04","1,446","01:24:31","152","167","4.2","156","169","6:01","5:14","551","515","1.71","7.2","12.2","250","6:00","470","0.0","466","622","NaN","NaN","--","NaN","NaN","NaN","73.4","No","01:24:31","1","89.6","34","18","44","01:24:28","01:29:00","333","516"
Double,Running,2024-08-24 13:10:48,false,"Charlottesville Running","4.63","510","00:32:35","142","157","2.8","156","172","7:02","6:19","115","131","1.46","7.8","11.4","267","7:00","403","0.0","400","573","NaN","NaN","--","NaN","NaN","NaN","84.2","No","00:32:35","1","91.4","--","--","--","00:32:34","00:34:49","500","591"
Workout,Running,2024-08-23 17:48:28,false,"Charlottesville Running","5.06","529","00:30:38","156","178","3.3","151","173","6:03","4:36","20","23","1.76","6.9","11.8","246","6:05","460","0.0","434","567","NaN","NaN","--","NaN","NaN","NaN","84.2","No","00:00:59.5","7","89.6","35","23","45","00:30:07","00:38:47","526","552"
Workout,Running,2024-08-23 08:15:25,false,"Charlottesville Running","11.01","1,141","01:05:40","155","180","4.2","154","187","5:58","4:26","164","131","1.74","7.0","12.0","250","5:58","467","0.0","449","589","NaN","NaN","--","NaN","NaN","NaN","71.6","No","00:01:36.8","7","86.0","35","22","50","01:05:19","01:34:52","537","582"
Training Run,Running,2024-08-22 09:46:33,false,"Charlottesville Running","10.57","1,093","01:11:14","141","166","3.3","153","215","6:45","5:14","735","719","1.54","7.7","11.8","264","6:41","427","0.0","420","594","NaN","NaN","--","NaN","NaN","NaN","75.2","No","01:11:14","1","84.2","--","--","--","01:10:56","01:19:51","324","580"
Training Run,Running,2024-08-21 07:44:21,false,"Charlottesville Running","9.28","957","01:04:03","137","156","3.1","155","170","6:54","5:50","636","650","1.50","7.8","11.6","266","6:49","422","0.0","413","660","NaN","NaN","--","NaN","NaN","NaN","64.4","No","01:04:03","1","78.8","--","--","--","01:03:53","01:07:56","448","614"
Double,Running,2024-08-20 17:04:00,false,"Charlottesville Running","5.02","569","00:33:41","148","166","3.2","153","163","6:42","6:11","253","253","1.56","7.7","11.9","267","6:40","435","0.0","428","574","NaN","NaN","--","NaN","NaN","NaN","80.6","No","00:33:41","1","82.4","--","--","--","00:33:41","00:35:17","480","579"
Workout,Running,2024-08-20 08:29:12,false,"Albemarle County Running","10.53","1,125","01:04:50","157","183","4.2","156","194","6:09","4:15","371","361","1.66","7.2","11.7","255","6:09","459","0.0","446","706","NaN","NaN","--","NaN","NaN","NaN","75.2","No","00:00:01.8","23","80.6","35","19","46","01:04:41","01:31:03","306","388"
Training Run,Running,2024-08-19 10:37:15,false,"Chicago Running","10.01","1,053","01:06:31","144","158","3.4","153","170","6:39","4:47","95","89","1.57","7.6","12.0","266","6:40","428","0.0","429","667","NaN","NaN","--","NaN","NaN","NaN","84.2","No","01:06:31","1","87.8","--","--","--","01:06:22","01:09:18","589","619"
Long Run,Running,2024-08-18 09:17:34,false,"Chicago Running","14.60","1,555","01:25:08","164","179","5.0","156","176","5:50","4:44","157","167","1.77","7.0","12.4","246","5:50","490","0.0","487","669","NaN","NaN","--","NaN","NaN","NaN","84.2","No","01:25:08","1","87.8","37","22","44","01:25:07","01:31:26","571","618"
Training Run,Running,2024-08-17 10:44:40,false,"Chicago Running","9.30","973","01:01:43","143","157","3.3","152","169","6:38","5:27","138","148","1.59","7.7","12.1","269","6:40","429","0.0","428","535","NaN","NaN","--","NaN","NaN","NaN","82.4","No","01:01:43","1","91.4","--","--","--","01:01:36","01:04:29","585","629"
Training Run,Running,2024-08-16 11:26:24,false,"Chicago Running","10.02","1,065","01:01:25","154","171","4.1","154","165","6:08","5:11","52","59","1.69","7.3","12.3","256","6:09","458","0.0","458","604","NaN","NaN","--","NaN","NaN","NaN","89.6","No","01:01:25","1","96.8","--","--","--","01:01:21","01:04:19","590","627"
Training Run,Running,2024-08-15 08:26:45,false,"Charlottesville Running","10.03","1,048","01:09:40","139","159","3.3","155","196","6:57","3:41","768","751","1.49","7.8","11.5","269","6:50","425","0.0","412","766","NaN","NaN","--","NaN","NaN","NaN","77.0","No","00:06:58.6","2","87.8","--","--","--","01:09:36","01:15:05","485","613"
Recovery,Running,2024-08-14 08:55:49,false,"Charlottesville Running","7.00","742","00:51:23","135","152","2.7","154","163","7:20","6:27","276","289","1.42","8.1","11.5","277","7:19","388","0.0","384","569","NaN","NaN","--","NaN","NaN","NaN","78.8","No","00:51:23","1","87.8","--","--","--","00:51:23","00:56:06","480","584"
Workout,Running,2024-08-13 18:11:27,false,"Albemarle County Running","9.78","1,000","00:58:39","153","177","3.9","158","173","6:00","4:46","148","115","1.69","7.1","11.8","249","6:01","458","0.0","449","564","NaN","NaN","--","NaN","NaN","NaN","80.6","No","00:00:59.1","19","89.6","34","18","45","00:58:34","01:14:41","532","577"
Workout,Running,2024-08-13 08:40:58,false,"Charlottesville Running","9.82","1,008","01:00:36","150","171","3.8","156","170","6:10","4:49","203","194","1.67","7.3","11.9","253","6:09","454","0.0","441","556","NaN","NaN","--","NaN","NaN","NaN","78.8","No","00:00:59.1","13","87.8","34","17","45","01:00:26","01:23:55","491","579"
Training Run,Running,2024-08-12 09:13:34,false,"Charlottesville Running","9.51","1,000","01:03:21","145","167","3.5","154","197","6:40","3:38","725","666","1.55","7.6","11.7","262","6:36","433","0.0","424","730","NaN","NaN","--","NaN","NaN","NaN","78.8","No","00:04:05.5","2","87.8","--","--","--","01:03:10","01:08:40","386","587"
Training Run,Running,2024-08-11 15:50:58,false,"Charlottesville Running","8.12","859","00:57:21","139","159","3.1","153","163","7:04","6:27","453","449","1.49","7.9","11.8","274","7:00","411","0.0","404","567","NaN","NaN","--","NaN","NaN","NaN","82.4","No","00:57:21","1","91.4","--","--","--","00:57:16","00:59:48","438","603"
Long Run,Running,2024-08-10 08:38:31,false,"Louisa County Running","14.01","1,526","01:28:50","159","178","4.3","156","163","6:21","5:24","541","535","1.62","7.4","12.0","257","6:20","446","0.0","443","600","NaN","NaN","--","NaN","NaN","NaN","82.4","No","01:28:50","1","91.4","35","22","45","01:28:44","01:38:48","346","516"
Double,Running,2024-08-09 17:02:08,false,"Charlottesville Running","4.93","547","00:32:58","151","168","3.2","153","171","6:41","5:42","230","240","1.56","7.7","12.0","267","6:41","426","0.0","422","583","NaN","NaN","--","NaN","NaN","NaN","82.4","No","00:32:58","1","95.0","--","--","--","00:32:55","00:33:56","501","585"
Training Run,Running,2024-08-09 07:27:28,false,"Charlottesville Running","9.63","1,052","01:04:02","150","168","3.7","155","174","6:39","5:30","689","673","1.56","7.6","11.8","262","6:33","435","0.0","430","584","NaN","NaN","--","NaN","NaN","NaN","78.8","No","01:04:02","1","86.0","--","--","--","01:03:58","01:08:16","446","608"
Training Run,Running,2024-08-08 07:15:06,false,"Charlottesville Running","10.12","1,080","01:08:53","145","170","3.4","154","196","6:49","4:48","879","853","1.52","7.7","11.7","265","6:42","430","0.0","419","693","NaN","NaN","--","NaN","NaN","NaN","82.4","No","01:08:53","1","89.6","--","--","--","01:08:46","01:16:08","356","609"
Recovery,Running,2024-08-07 18:31:24,false,"Charlottesville Running","6.49","690","00:47:27","136","156","2.8","150","200","7:18","5:37","331","358","1.47","8.1","11.9","285","7:16","394","0.0","390","542","NaN","NaN","--","NaN","NaN","NaN","86.0","No","00:47:27","1","89.6","--","--","--","00:47:22","00:49:40","377","587"
Workout,Running,2024-08-06 18:07:10,false,"Charlottesville Running","10.21","1,085","01:04:27","153","176","4.0","155","173","6:19","4:15","164","184","1.63","7.3","11.3","260","6:16","447","0.0","424","622","NaN","NaN","--","NaN","NaN","NaN","86.0","No","00:00:29.5","45","91.4","35","18","45","01:04:16","01:19:41","499","583"
Workout,Running,2024-08-06 06:52:22,false,"Charlottesville Running","9.30","955","00:56:11","155","178","3.9","154","170","6:02","4:46","167","184","1.70","7.1","11.8","252","6:03","461","0.0","443","562","NaN","NaN","--","NaN","NaN","NaN","82.4","No","00:01:15.2","11","91.4","35","20","45","00:56:02","01:12:48","493","585"
Training Run,Running,2024-08-05 07:09:37,false,"Charlottesville Running","9.02","938","01:00:39","141","165","3.3","155","205","6:43","3:36","486","482","1.53","7.6","11.6","264","6:43","423","0.0","417","726","NaN","NaN","--","NaN","NaN","NaN","80.6","No","00:03:20.3","3","87.8","--","--","--","01:00:29","01:07:48","421","594"
Training Run,Running,2024-08-04 11:39:06,false,"Charlottesville Running","7.85","857","00:54:06","147","164","3.3","153","167","6:54","5:49","561","574","1.51","7.8","11.8","269","6:49","420","0.0","413","579","NaN","NaN","--","NaN","NaN","NaN","87.8","No","00:54:06","1","95.0","--","--","--","00:54:02","00:57:54","445","610"
Long Run,Running,2024-08-03 08:28:53,false,"Albemarle County Running","14.51","1,562","01:31:11","157","176","4.4","157","167","6:17","5:22","610","659","1.63","7.3","11.9","254","6:16","454","0.0","449","632","NaN","NaN","--","NaN","NaN","NaN","80.6","No","01:31:11","1","89.6","--","--","--","01:31:11","01:35:56","412","493"
Workout,Running,2024-08-02 08:56:23,false,"Albemarle County Running","11.00","1,182","01:06:59","162","182","4.6","156","165","6:05","5:02","413","407","1.69","7.2","12.1","252","6:06","462","0.0","453","601","NaN","NaN","--","NaN","NaN","NaN","86.0","No","00:09:43.1","3","95.0","35","15","44","01:06:54","01:23:17","655","918"
Training Run,Running,2024-08-01 06:26:49,false,"Charlottesville Running","10.02","1,037","01:08:39","139","160","3.2","155","178","6:51","5:53","377","371","1.51","7.7","11.6","265","6:51","415","0.0","410","600","NaN","NaN","--","NaN","NaN","NaN","78.8","No","01:08:39","1","86.0","--","--","--","01:08:30","01:19:37","308","504"
Recovery,Running,2024-07-31 07:03:56,false,"Charlottesville Running","6.47","693","00:47:13","136","151","2.8","155","167","7:18","6:20","348","308","1.42","8.0","11.3","272","7:15","392","0.0","387","544","NaN","NaN","--","NaN","NaN","NaN","78.8","No","00:47:13","1","86.0","--","--","--","00:47:10","00:49:48","452","586"
Workout,Running,2024-07-30 18:19:28,false,"Albemarle County Running","8.52","890","00:54:42","147","166","3.5","154","180","6:25","4:34","144","141","1.62","7.4","11.8","256","6:23","442","0.0","427","605","NaN","NaN","--","NaN","NaN","NaN","80.6","No","00:01:00.1","17","87.8","31","17","40","00:54:33","01:11:39","535","584"
Workout,Running,2024-07-30 06:39:23,false,"Charlottesville Running","8.59","857","00:52:18","154","175","3.5","157","176","6:06","4:56","190","217","1.67","7.2","11.8","249","6:05","454","0.0","444","577","NaN","NaN","--","NaN","NaN","NaN","80.6","No","00:01:00.4","11","91.4","34","16","47","00:52:08","01:11:20","483","579"
Training Run,Running,2024-07-29 07:23:26,false,"Charlottesville Running","8.14","826","00:59:22","137","160","2.7","153","188","7:18","4:27","433","456","1.42","8.0","11.4","275","7:16","389","0.0","386","581","NaN","NaN","--","NaN","NaN","NaN","78.8","No","00:05:15.9","3","87.8","--","--","--","00:59:15","01:06:12","444","600"
Long Run,Running,2024-07-28 08:52:38,false,"Washington County Running","14.00","1,414","01:22:11","162","172","4.4","156","167","5:52","4:58","98","102","1.76","7.0","12.3","247","5:52","471","0.0","471","623","NaN","NaN","--","NaN","NaN","NaN","78.8","No","01:22:11","1","89.6","34","11","41","01:22:07","01:29:07","260","323"
WU/CD,Running,2024-07-26 08:33:51,false,"Albemarle County Running","1.54","172","00:10:44","151","159","2.1","153","161","6:58","6:16","98","23","1.49","7.8","11.6","269","6:52","424","0.0","419","531","NaN","NaN","--","NaN","NaN","NaN","86.0","No","00:10:44","1","87.8","34","24","40","00:10:43","00:11:12","655","739"
Workout,Running,2024-07-26 07:45:06,false,"Albemarle County Running","8.01","772","00:43:08","167","177","3.9","158","167","5:23","4:50","269","266","1.88","6.6","12.4","235","5:23","500","0.0","498","607","NaN","NaN","--","NaN","NaN","NaN","80.6","No","00:43:08","1","86.0","35","23","42","00:43:08","00:44:04","657","909"
WU/CD,Running,2024-07-26 07:19:51,false,"Albemarle County Running","2.02","203","00:13:52","139","147","2.1","153","162","6:51","5:47","36","105","1.53","7.8","11.9","270","6:54","405","0.0","403","488","NaN","NaN","--","NaN","NaN","NaN","77.0","No","00:13:52","1","82.4","29","19","36","00:13:52","00:16:16","655","734"
Training Run,Running,2024-07-25 13:24:22,false,"Albemarle County Running","8.48","902","00:56:35","148","161","3.4","153","178","6:40","4:22","499","469","1.56","7.6","11.9","265","6:38","426","0.0","423","630","NaN","NaN","--","NaN","NaN","NaN","89.6","No","00:02:44.2","2","95.0","34","18","41","00:56:26","01:00:50","414","619"
Double,Running,2024-07-24 18:23:40,false,"Charlottesville Running","5.01","520","00:33:03","143","157","3.0","152","167","6:36","5:25","266","341","1.59","7.6","12.1","267","6:37","430","0.0","426","618","NaN","NaN","--","NaN","NaN","NaN","87.8","No","00:33:03","1","93.2","33","20","42","00:32:59","00:35:49","418","579"
Training Run,Running,2024-07-24 06:17:29,false,"Charlottesville Running","8.01","822","00:58:52","132","149","2.8","153","177","7:21","4:58","394","417","1.43","8.1","11.5","277","7:18","391","0.0","387","576","NaN","NaN","--","NaN","NaN","NaN","78.8","No","00:58:52","1","86.0","--","--","--","00:58:45","01:02:20","365","475"
Workout,Running,2024-07-23 06:59:09,false,"Charlottesville Running","12.02","1,214","01:14:05","152","180","4.2","157","191","6:10","3:28","974","971","1.66","7.2","11.7","254","6:03","469","0.0","450","748","NaN","NaN","--","NaN","NaN","NaN","80.6","No","00:02:30.3","13","91.4","--","--","--","01:14:00","01:32:08","483","613"
Training Run,Treadmill Running,2024-07-22 11:35:37,false,"Treadmill Running","10.69","1,015","01:09:09","145","156","3.2","150","160","6:28","5:53","--","--","1.67","7.6","12.6","274","--","426","0.0","424","488","NaN","NaN","--","NaN","NaN","NaN","--","No","01:09:09","1","NaN","--","--","--","01:09:07","01:09:46","--","--"
Training Run,Running,2024-07-21 11:52:00,false,"Charlottesville Running","7.92","870","00:51:52","153","170","3.8","155","172","6:33","5:25","226","210","1.59","7.5","12.0","262","6:30","437","0.0","434","630","NaN","NaN","--","NaN","NaN","NaN","89.6","No","00:51:52","1","95.0","--","--","--","00:51:51","00:53:39","314","358"
Workout,Running,2024-07-20 10:54:00,false,"Louisa County Running","13.01","1,414","01:18:49","166","182","5.0","155","197","6:04","5:15","535","545","1.70","7.2","12.2","251","6:03","465","0.0","462","616","NaN","NaN","--","NaN","NaN","NaN","82.4","No","00:10:07","3","91.4","--","--","--","01:18:47","01:24:56","346","504"
Training Run,Running,2024-07-19 09:33:37,false,"Charlottesville Running","10.13","1,121","01:06:58","156","173","4.0","155","187","6:37","5:24","820","840","1.56","7.6","11.8","262","6:33","439","0.0","430","625","NaN","NaN","--","NaN","NaN","NaN","82.4","No","01:06:58","1","89.6","--","--","--","01:06:50","01:12:07","365","599"
Double,Running,2024-07-18 19:25:05,false,"Charlottesville Running","5.51","593","00:37:15","146","163","3.1","153","163","6:46","5:32","305","377","1.56","7.7","12.0","268","6:42","428","0.0","421","591","NaN","NaN","--","NaN","NaN","NaN","84.2","No","00:37:15","1","87.8","--","--","--","00:37:13","00:38:32","419","609"
Training Run,Running,2024-07-18 07:19:58,false,"Charlottesville Running","9.77","1,054","01:02:32","155","173","4.0","156","205","6:24","5:25","692","732","1.60","7.4","11.8","255","6:20","448","0.0","441","628","NaN","NaN","--","NaN","NaN","NaN","82.4","No","01:02:32","1","89.6","--","--","--","01:02:28","01:09:19","448","612"
Training Run,Running,2024-07-17 06:17:27,false,"Charlottesville Running","10.09","1,079","01:14:18","137","162","3.2","153","163","7:22","4:35","394","410","1.42","8.1","11.4","276","7:21","390","0.0","382","599","NaN","NaN","--","NaN","NaN","NaN","80.6","No","01:14:18","1","86.0","--","--","--","01:14:08","01:17:07","310","480"
Training Run,Running,2024-07-16 07:06:32,false,"Charlottesville Running","8.01","836","00:54:55","141","160","3.2","155","167","6:52","5:56","522","548","1.51","7.7","11.7","265","6:48","419","0.0","413","616","NaN","NaN","--","NaN","NaN","NaN","82.4","No","00:54:55","1","89.6","--","--","--","00:54:44","01:04:13","387","583"
Workout,Running,2024-07-15 06:55:04,false,"Charlottesville Running","9.65","981","01:00:13","151","174","3.8","157","169","6:14","4:44","272","240","1.63","7.3","11.7","254","6:14","449","0.0","437","550","NaN","NaN","--","NaN","NaN","NaN","82.4","No","00:01:30.4","15","89.6","--","--","--","01:00:03","01:32:25","541","607"
Recovery,Running,2024-07-14 11:43:56,false,"Charlottesville Running","4.02","430","00:26:57","145","159","2.9","155","170","6:43","5:02","207","203","1.53","7.6","11.7","263","6:42","429","0.0","422","601","NaN","NaN","--","NaN","NaN","NaN","87.8","No","00:26:57","1","95.0","--","--","--","00:26:54","00:27:58","526","590"
Long Run,Running,2024-07-13 11:18:50,false,"Albemarle County Running","12.01","1,338","01:16:12","165","175","4.5","158","167","6:21","5:36","764","758","1.60","7.3","11.8","253","6:17","454","0.0","448","669","NaN","NaN","--","NaN","NaN","NaN","87.8","No","01:16:12","1","96.8","--","--","--","01:16:09","01:18:30","615","873"
Workout,Running,2024-07-12 07:02:34,false,"Charlottesville Running","10.06","1,055","01:02:35","158","179","4.2","158","219","6:13","4:24","643","646","1.62","7.2","11.5","252","6:10","458","0.0","440","746","NaN","NaN","--","NaN","NaN","NaN","78.8","No","00:01:30.2","17","86.0","--","--","--","01:02:28","01:16:05","497","571"
Training Run,Running,2024-07-11 07:09:11,false,"Charlottesville Running","7.70","797","00:51:34","142","163","3.4","155","192","6:42","4:09","446","446","1.53","7.6","11.6","262","6:40","426","0.0","421","650","NaN","NaN","--","NaN","NaN","NaN","78.8","No","00:02:31.2","3","86.0","--","--","--","00:51:22","00:53:43","414","580"
Training Run,Running,2024-07-10 06:13:34,false,"Charlottesville Running","8.28","908","01:01:35","143","162","3.1","155","226","7:26","5:46","364","361","1.39","8.1","11.2","274","7:26","381","0.0","379","524","NaN","NaN","--","NaN","NaN","NaN","84.2","No","01:01:35","1","87.8","--","--","--","01:01:30","01:06:55","375","581"
Double,Treadmill Running,2024-07-09 18:36:15,false,"Treadmill Running","5.01","431","00:30:31","138","160","2.8","152","162","6:06","5:44","--","--","1.75","7.2","12.6","256","--","447","0.0","443","494","NaN","NaN","--","NaN","NaN","NaN","--","No","00:30:31","1","NaN","--","--","--","00:30:02","00:31:15","--","--"
Workout,Running,2024-07-09 06:52:14,false,"Charlottesville Running","8.93","951","00:53:56","162","179","4.3","155","167","6:02","5:17","427","407","1.70","7.2","12.1","249","6:01","463","0.0","459","605","NaN","NaN","--","NaN","NaN","NaN","84.2","No","00:10:17","2","91.4","--","--","--","00:53:51","01:04:53","486","591"
Training Run,Running,2024-07-08 07:21:15,false,"Charlottesville Running","9.17","959","01:01:42","144","161","3.4","154","200","6:44","3:52","489","443","1.53","7.7","11.7","267","6:44","420","0.0","417","669","NaN","NaN","--","NaN","NaN","NaN","84.2","No","00:03:14.5","3","91.4","--","--","--","01:01:33","01:10:59","413","600"
,Cycling,2024-07-07 08:26:11,false,"Charlottesville Cycling","38.64","1,341","02:32:16","119","152","2.3","--","--","15.2","36.2","2,992","3,018","NaN","NaN","NaN","NaN","--","--","0.0","--","--","NaN","NaN","--","NaN","NaN","NaN","--","No","00:13:54","8","NaN","--","--","--","02:32:01","03:02:01","404","969"
Long Run,Running,2024-07-06 08:53:56,false,"Albemarle County Running","12.04","1,319","01:16:29","159","174","4.4","157","177","6:21","4:32","1,047","1,010","1.61","7.4","11.9","256","6:14","460","0.0","450","646","NaN","NaN","--","NaN","NaN","NaN","84.2","No","01:16:29","1","95.0","--","--","--","01:16:27","01:20:46","478","791"
Long Run,Running,2024-07-05 07:49:45,false,"Charlottesville Running","11.01","1,161","01:07:42","159","179","4.7","156","183","6:09","5:03","509","489","1.67","7.3","12.0","252","6:07","460","0.0","455","652","NaN","NaN","--","NaN","NaN","NaN","82.4","No","00:08:39.3","3","95.0","--","--","--","01:07:36","01:20:06","488","606"
Recovery,Running,2024-07-04 11:48:11,false,"Charlottesville Running","8.79","1,001","01:04:56","148","170","3.4","152","162","7:23","6:07","371","390","1.43","8.1","11.6","279","7:22","385","0.0","383","552","NaN","NaN","--","NaN","NaN","NaN","84.2","No","01:04:56","1","98.6","--","--","--","01:04:48","01:11:52","310","507"
Training Run,Running,2024-07-03 07:03:11,false,"Charlottesville Running","9.04","948","00:56:22","153","169","3.9","156","219","6:14","5:15","472","466","1.64","7.3","11.9","253","6:13","456","0.0","452","611","NaN","NaN","--","NaN","NaN","NaN","75.2","No","00:56:22","1","86.0","--","--","--","00:56:18","01:01:45","439","600"
Training Run,Running,2024-07-02 19:03:45,false,"Charlottesville Running","9.01","957","00:58:40","150","163","3.6","154","169","6:31","4:38","679","669","1.59","7.5","12.0","261","6:27","445","0.0","438","637","NaN","NaN","--","NaN","NaN","NaN","82.4","No","00:58:40","1","89.6","--","--","--","00:58:32","01:02:14","446","617"
Training Run,Running,2024-07-01 18:35:51,false,"Charlottesville Running","8.51","888","00:51:17","157","174","4.2","155","171","6:02","4:45","325","420","1.71","7.2","12.2","251","6:01","475","0.0","470","671","NaN","NaN","--","NaN","NaN","NaN","82.4","No","00:51:17","1","87.8","--","--","--","00:51:13","00:53:19","306","512"
Long Run,Running,2024-06-29 10:04:45,false,"Chicago Running","11.34","1,231","01:21:28","146","169","3.5","155","167","7:11","5:39","121","121","1.44","7.9","11.4","271","7:12","395","0.0","390","590","NaN","NaN","--","NaN","NaN","NaN","87.8","No","01:21:28","1","93.2","--","--","--","01:21:27","01:30:40","573","614"
Training Run,Running,2024-06-27 06:12:47,false,"Charlottesville Running","9.14","997","01:01:21","150","166","3.7","156","167","6:43","5:48","489","459","1.54","7.6","11.8","264","6:39","427","0.0","423","558","NaN","NaN","--","NaN","NaN","NaN","78.8","No","01:01:21","1","86.0","--","--","--","01:01:19","01:03:59","436","593"
Training Run,Running,2024-06-26 07:09:12,false,"Charlottesville Running","8.01","851","00:50:07","154","172","3.9","157","187","6:16","5:30","436","433","1.63","7.3","11.9","252","6:13","458","0.0","451","629","NaN","NaN","--","NaN","NaN","NaN","80.6","No","00:50:07","1","89.6","--","--","--","00:50:02","00:52:34","307","525"
Training Run,Running,2024-06-25 06:54:27,false,"Charlottesville Running","8.87","936","00:55:17","154","167","3.9","157","169","6:14","5:14","482","463","1.64","7.3","11.9","251","6:11","457","0.0","453","627","NaN","NaN","--","NaN","NaN","NaN","75.2","No","00:55:17","1","84.2","--","--","--","00:55:12","00:59:25","448","592"
Training Run,Running,2024-06-24 07:08:25,false,"Charlottesville Running","8.43","923","00:55:43","153","170","3.8","155","167","6:36","5:22","545","509","1.56","7.6","11.8","262","6:34","432","0.0","427","596","NaN","NaN","--","NaN","NaN","NaN","80.6","No","00:55:43","1","89.6","--","--","--","00:55:35","00:59:24","362","605"
Training Run,Running,2024-06-22 08:36:14,false,"Albemarle County Running","10.01","1,124","01:01:33","169","178","4.8","157","165","6:09","5:21","600","610","1.66","7.2","12.0","251","6:07","466","0.0","460","619","NaN","NaN","--","NaN","NaN","NaN","82.4","No","01:01:33","1","95.0","--","--","--","01:01:32","01:02:47","622","851"
Double,Running,2024-06-21 07:36:53,false,"Charlottesville Running","5.57","618","00:37:31","151","167","3.3","155","167","6:44","5:20","472","427","1.53","7.7","11.7","263","6:38","434","0.0","425","609","NaN","NaN","--","NaN","NaN","NaN","80.6","No","00:37:31","1","87.8","--","--","--","00:37:28","00:39:04","451","615"
Training Run,Running,2024-06-20 07:21:00,false,"Charlottesville Running","8.01","845","00:49:58","154","172","3.8","155","172","6:14","5:18","545","515","1.65","7.3","12.0","252","6:11","463","0.0","453","645","NaN","NaN","--","NaN","NaN","NaN","78.8","No","00:49:58","1","86.0","--","--","--","00:49:50","00:53:29","421","593"
Training Run,Running,2024-06-19 07:17:49,false,"Charlottesville Running","6.75","716","00:42:35","152","172","3.6","156","169","6:18","5:36","387","354","1.63","7.4","12.0","256","6:17","455","0.0","449","607","NaN","NaN","--","NaN","NaN","NaN","78.8","No","00:42:35","1","86.0","--","--","--","00:42:32","00:44:19","370","580"
Training Run,Running,2024-06-18 07:29:09,false,"Charlottesville Running","7.45","804","00:48:35","152","171","3.6","155","172","6:31","5:30","518","502","1.58","7.5","11.8","258","6:27","443","0.0","436","605","NaN","NaN","--","NaN","NaN","NaN","80.6","No","00:48:35","1","87.8","--","--","--","00:48:24","00:53:19","363","603"
Training Run,Running,2024-06-17 07:34:26,false,"Charlottesville Running","7.68","824","00:50:10","150","164","3.6","154","165","6:32","5:37","443","420","1.60","7.6","12.1","264","6:29","443","0.0","438","615","NaN","NaN","--","NaN","NaN","NaN","78.8","No","00:50:10","1","87.8","--","--","--","00:50:05","00:52:35","415","581"
,Cycling,2024-06-16 08:12:06,false,"Charlottesville Cycling","29.01","1,115","01:44:57","130","165","2.5","--","--","16.6","34.9","2,162","2,159","NaN","NaN","NaN","NaN","--","--","0.0","--","--","NaN","NaN","--","NaN","NaN","NaN","--","No","00:13:26","6","NaN","--","--","--","01:44:26","02:30:17","360","682"
Workout,Running,2024-06-15 10:09:37,false,"Albemarle County Running","9.01","964","00:53:17","165","182","4.6","155","167","5:55","5:07","341","397","1.74","7.1","12.3","248","5:55","475","0.0","471","640","NaN","NaN","--","NaN","NaN","NaN","82.4","No","00:53:17","1","91.4","--","--","--","00:53:12","00:54:39","656","904"
Training Run,Running,2024-06-14 13:30:21,false,"Charlottesville Running","6.53","743","00:43:04","159","175","3.7","153","167","6:36","5:32","420","436","1.59","7.6","12.1","265","6:31","442","0.0","435","645","NaN","NaN","--","NaN","NaN","NaN","86.0","No","00:43:04","1","96.8","--","--","--","00:43:00","00:44:34","383","583"
Training Run,Running,2024-06-12 07:39:24,false,"Charlottesville Running","6.94","711","00:44:49","144","169","3.2","157","171","6:28","5:47","417","367","1.58","7.4","11.7","255","6:26","443","0.0","437","585","NaN","NaN","--","NaN","NaN","NaN","71.6","No","00:44:49","1","84.2","--","--","--","00:44:46","00:46:11","446","583"
Training Run,Running,2024-06-11 18:33:00,false,"Charlottesville Running","6.01","636","00:35:33","159","177","3.7","156","171","5:55","5:07","344","436","1.72","7.0","12.1","244","5:55","471","0.0","465","697","NaN","NaN","--","NaN","NaN","NaN","78.8","No","00:35:33","1","84.2","--","--","--","00:35:28","00:37:27","369","606"
Training Run,Running,2024-06-10 06:49:18,false,"Charlottesville Running","4.57","451","00:28:17","141","157","2.9","159","172","6:12","4:55","318","305","1.63","7.2","11.8","249","6:07","469","0.0","458","640","NaN","NaN","--","NaN","NaN","NaN","75.2","No","00:28:17","1","84.2","--","--","--","00:28:17","00:28:23","451","585"
,Hiking,2024-06-08 12:07:40,false,"Augusta County Hiking","10.39","1,337","03:22:27","105","140","2.1","98","240","19:30","8:24","2,461","2,480","0.85","NaN","NaN","NaN","--","--","0.0","--","--","NaN","NaN","--","NaN","NaN","NaN","--","No","03:22:27","1","NaN","--","--","--","03:14:52","03:53:09","1,404","3,339"
,Indoor Cycling,2024-06-07 17:18:47,false,"Indoor Cycling","0.00","625","00:45:00","138","156","2.6","--","--","--","--","--","--","NaN","NaN","NaN","NaN","--","--","0.0","--","--","NaN","NaN","--","NaN","NaN","NaN","--","No","00:45:00","1","NaN","--","--","--","00:00:00","00:45:00","--","--"
Recovery,Running,2024-06-01 11:39:25,false,"Nashville Running","4.01","436","00:29:01","140","160","2.6","155","168","7:15","5:22","226","210","1.43","7.9","11.2","268","7:10","410","0.0","402","620","NaN","NaN","--","NaN","NaN","NaN","73.4","No","00:29:01","1","77.0","--","--","--","00:28:56","00:33:33","415","515"
WU/CD,Running,2024-05-31 21:52:37,false,"Murfreesboro Running","1.48","169","00:11:02","141","150","2.0","154","161","7:27","7:12","7","7","1.40","8.1","11.3","276","7:28","375","0.0","372","417","NaN","NaN","--","NaN","NaN","NaN","77.0","No","00:11:02","1","80.6","--","--","--","00:11:00","00:11:02","626","634"
WU/CD,Running,2024-05-31 20:27:09,false,"Murfreesboro Running","2.61","238","00:16:35","117","176","2.2","156","200","6:21","3:31","49","46","1.61","7.3","11.6","256","6:20","442","0.0","436","679","NaN","NaN","--","NaN","NaN","NaN","80.6","No","00:03:22.3","2","84.2","--","--","--","00:16:30","00:29:48","612","637"
Shakeout,Running,2024-05-31 14:03:35,false,"Nashville Running","1.39","150","00:10:00","136","146","1.9","155","165","7:11","6:35","72","69","1.43","7.9","11.4","271","7:08","410","0.0","399","572","NaN","NaN","--","NaN","NaN","NaN","77.0","No","00:10:00","1","86.0","--","--","--","00:10:00","00:10:00","421","470"
Recovery,Running,2024-05-30 12:26:17,false,"Nashville Running","4.83","494","00:33:14","137","159","2.8","154","192","6:53","3:26","200","197","1.49","7.8","11.5","268","6:54","411","0.0","409","742","NaN","NaN","--","NaN","NaN","NaN","84.2","No","00:00:04.9","5","93.2","--","--","--","00:33:09","01:03:28","419","627"
Shakeout,Running,2024-05-29 20:28:26,false,"Nashville Running","1.31","139","00:10:00","127","147","1.5","149","163","7:38","5:46","75","89","1.38","8.2","11.3","280","7:39","382","0.0","371","541","NaN","NaN","--","NaN","NaN","NaN","77.0","No","00:10:00","1","78.8","--","--","--","00:09:57","00:10:29","449","520"
Recovery,Running,2024-05-29 09:40:38,false,"Charlottesville Running","5.73","612","00:40:43","141","153","2.7","155","167","7:06","5:34","249","262","1.46","7.9","11.5","270","7:03","402","0.0","398","557","NaN","NaN","--","NaN","NaN","NaN","82.4","No","00:40:43","1","87.8","--","--","--","00:40:40","00:46:59","496","597"
Double,Running,2024-05-28 18:40:57,false,"Charlottesville Running","4.01","435","00:27:33","144","155","2.7","155","163","6:53","6:08","184","210","1.51","7.8","11.7","268","6:50","422","0.0","413","566","NaN","NaN","--","NaN","NaN","NaN","82.4","No","00:27:33","1","84.2","--","--","--","00:27:33","00:27:33","518","587"
Workout,Running,2024-05-28 11:17:36,false,"Charlottesville Running","7.01","703","00:44:27","148","170","3.0","152","198","6:21","3:28","200","141","1.62","7.2","11.1","257","6:23","456","0.0","424","864","NaN","NaN","--","NaN","NaN","NaN","84.2","No","00:00:05.5","16","89.6","--","--","--","00:43:48","01:16:55","537","575"
Training Run,Running,2024-05-27 13:41:07,false,"Charlottesville Running","8.21","868","00:52:08","151","172","3.6","156","174","6:21","5:24","358","381","1.62","7.4","11.9","255","6:18","463","0.0","455","722","NaN","NaN","--","NaN","NaN","NaN","86.0","No","00:52:08","1","93.2","--","--","--","00:52:08","00:54:02","308","431"
,Elliptical,2024-05-26 08:39:11,false,"Elliptical","0.00","369","00:35:00","124","157","1.8","53","198","--","--","--","--","0.00","NaN","NaN","NaN","--","--","0.0","--","--","NaN","NaN","--","NaN","NaN","NaN","--","No","00:35:00","1","NaN","--","--","--","00:00:00","00:39:29","--","--"
Long Run,Running,2024-05-25 12:37:39,false,"Charlottesville Running","10.91","1,199","01:12:33","153","169","3.7","157","169","6:39","5:50","896","886","1.54","7.6","11.6","260","6:32","445","0.0","433","649","NaN","NaN","--","NaN","NaN","NaN","87.8","No","01:12:33","1","91.4","--","--","--","01:12:29","01:15:54","450","621"
WU/CD,Running,2024-05-24 12:06:25,false,"Charlottesville Running","1.50","171","00:11:29","142","148","1.9","152","161","7:38","6:28","16","3","1.38","8.3","11.4","282","7:39","368","0.0","365","465","NaN","NaN","--","NaN","NaN","NaN","89.6","No","00:11:29","1","89.6","--","--","--","00:11:28","00:11:29","539","556"
Workout,Track Running,2024-05-24 11:21:23,false,"Charlottesville Track Running","6,810","414","00:24:19","158","178","3.1","155","217","5:45","3:03","16","--","1.79","6.5","11.0","239","--","476","0.0","451","806","NaN","NaN","--","NaN","NaN","NaN","--","No","00:00:01.4","20","NaN","--","--","--","00:24:07","00:35:50","549","568"
WU/CD,Running,2024-05-24 10:44:01,false,"Charlottesville Running","2.60","282","00:17:22","146","169","2.4","157","195","6:40","3:43","118","108","1.52","7.6","11.4","261","6:40","427","0.0","418","734","NaN","NaN","--","NaN","NaN","NaN","78.8","No","00:03:21.2","2","84.2","--","--","--","00:17:21","00:29:05","542","580"
Recovery,Running,2024-05-23 16:27:48,false,"Charlottesville Running","6.74","702","00:47:37","141","161","2.8","151","209","7:04","3:10","276","262","1.46","7.9","11.5","274","7:05","395","0.0","392","903","NaN","NaN","--","NaN","NaN","NaN","84.2","No","00:17:28","2","91.4","--","--","--","00:47:27","00:57:31","490","599"
,Hiking,2024-05-22 12:36:10,false,"Augusta County Hiking","11.15","1,330","03:45:59","99","138","1.9","87","238","20:16","11:41","2,156","2,159","0.91","NaN","NaN","NaN","--","--","0.0","--","--","NaN","NaN","--","NaN","NaN","NaN","--","No","03:45:59","1","NaN","--","--","--","03:39:30","04:29:32","1,881","3,576"
Training Run,Running,2024-05-22 09:36:26,false,"Augusta County Running","8.08","879","00:52:57","154","166","3.4","159","167","6:33","5:23","568","548","1.55","7.5","11.6","256","6:28","447","0.0","437","631","NaN","NaN","--","NaN","NaN","NaN","82.4","No","00:52:57","1","89.6","--","--","--","00:52:56","00:52:57","1,602","1,809"
Double,Running,2024-05-21 18:24:12,false,"Augusta County Running","4.08","458","00:30:35","142","153","2.5","157","165","7:29","6:35","400","459","1.37","8.1","11.1","272","7:21","395","0.0","381","507","NaN","NaN","--","NaN","NaN","NaN","80.6","No","00:30:35","1","89.6","--","--","--","00:30:33","00:30:35","1,772","2,018"
Workout,Running,2024-05-21 10:13:26,false,"Charlottesville Running","9.01","985","01:04:29","151","178","3.4","143","203","7:10","3:03","207","161","1.53","7.4","10.5","262","7:09","435","0.0","369","880","NaN","NaN","--","NaN","NaN","NaN","82.4","No","00:00:05.7","21","89.6","--","--","--","01:02:07","01:45:13","512","583"
Training Run,Running,2024-05-20 11:28:19,false,"Charlottesville Running","9.75","1,057","01:03:36","154","171","3.6","156","175","6:31","4:59","407","525","1.57","7.5","11.7","257","6:31","436","0.0","431","625","NaN","NaN","--","NaN","NaN","NaN","86.0","No","01:03:36","1","89.6","--","--","--","01:03:29","01:07:41","309","528"
Long Run,Running,2024-05-18 12:06:40,false,"Albemarle County Running","14.00","1,473","01:25:55","158","174","4.2","157","169","6:08","4:52","932","942","1.66","7.2","12.0","249","6:04","470","0.0","462","660","NaN","NaN","--","NaN","NaN","NaN","71.6","No","01:25:55","1","82.4","--","--","--","01:25:47","01:30:34","616","871"
Workout,Running,2024-05-17 16:34:52,false,"Charlottesville Running","8.01","815","00:47:14","159","183","3.7","156","169","5:54","4:22","62","49","1.74","7.0","11.8","253","5:54","468","0.0","456","583","NaN","NaN","--","NaN","NaN","NaN","78.8","No","00:00:58.7","13","86.0","--","--","--","00:47:10","01:01:16","537","577"
Workout,Running,2024-05-17 10:07:19,false,"Charlottesville Running","5.99","588","00:38:13","143","173","2.9","157","205","6:23","3:06","217","203","1.55","7.4","11.1","259","6:27","437","0.0","423","896","NaN","NaN","--","NaN","NaN","NaN","73.4","No","00:00:05.8","22","82.4","--","--","--","00:37:58","01:24:48","538","584"
Training Run,Running,2024-05-16 10:14:49,false,"Charlottesville Running","8.71","943","00:57:33","153","168","3.4","159","193","6:36","3:38","686","633","1.53","7.4","11.3","254","6:32","432","0.0","427","729","NaN","NaN","--","NaN","NaN","NaN","80.6","No","00:01:00.7","2","91.4","--","--","--","00:57:22","01:19:11","448","612"
Training Run,Running,2024-05-15 10:11:48,false,"Charlottesville Running","10.01","1,053","01:05:39","149","164","3.4","157","242","6:34","5:21","545","525","1.56","7.5","11.6","257","6:32","436","0.0","431","584","NaN","NaN","--","NaN","NaN","NaN","73.4","No","01:05:39","1","80.6","--","--","--","01:05:27","01:11:45","448","600"
,Elliptical,2024-05-14 19:17:48,false,"Elliptical","0.00","519","00:35:00","143","156","2.7","119","203","--","--","--","--","0.00","NaN","NaN","NaN","--","--","0.0","--","--","NaN","NaN","--","NaN","NaN","NaN","--","No","00:35:00","1","NaN","--","--","--","00:00:00","00:35:00","--","--"
WU/CD,Running,2024-05-14 11:28:59,false,"Charlottesville Running","2.00","232","00:14:23","151","159","2.3","155","167","7:11","6:31","85","72","1.43","7.9","11.3","268","7:10","393","0.0","390","537","NaN","NaN","--","NaN","NaN","NaN","71.6","No","00:14:23","1","75.2","--","--","--","00:14:22","00:14:37","539","575"
Workout,Running,2024-05-14 10:57:09,false,"Charlottesville Running","3.49","358","00:20:52","160","171","2.9","161","195","5:59","3:13","23","13","1.59","7.1","10.1","258","6:01","477","0.0","426","799","NaN","NaN","--","NaN","NaN","NaN","66.2","No","00:00:01.6","18","71.6","--","--","--","00:20:48","00:24:02","540","557"
WU/CD,Running,2024-05-14 10:09:06,false,"Charlottesville Running","2.61","273","00:17:31","141","180","2.3","157","186","6:43","4:08","148","102","1.48","7.6","11.1","257","6:46","414","0.0","406","608","NaN","NaN","--","NaN","NaN","NaN","71.6","No","00:03:20.5","2","80.6","--","--","--","00:17:27","00:28:02","543","581"
Training Run,Running,2024-05-13 14:49:34,false,"Charlottesville Running","9.00","924","00:59:25","145","158","3.2","156","207","6:36","3:21","479","466","1.53","7.5","11.5","259","6:38","429","0.0","426","838","NaN","NaN","--","NaN","NaN","NaN","82.4","No","00:01:15.1","2","91.4","--","--","--","00:59:15","01:16:46","491","598"
,Elliptical,2024-05-12 13:01:27,false,"Elliptical","0.00","628","00:45:00","140","152","2.5","118","200","--","--","--","--","0.00","NaN","NaN","NaN","--","--","0.0","--","--","NaN","NaN","--","NaN","NaN","NaN","--","No","00:45:00","1","NaN","--","--","--","00:00:00","00:45:00","--","--"
Long Run,Running,2024-05-11 10:58:09,false,"Louisa County Running","13.11","1,311","01:16:30","150","171","4.1","159","169","5:50","4:58","568","554","1.74","7.0","12.1","242","5:49","480","0.0","475","677","NaN","NaN","--","NaN","NaN","NaN","71.6","No","01:16:30","1","82.4","--","--","--","01:16:27","01:22:59","342","506"
,Indoor Cycling,2024-05-10 17:46:20,false,"Indoor Cycling","0.00","375","00:35:00","126","136","1.5","--","--","--","--","--","--","NaN","NaN","NaN","NaN","--","--","0.0","--","--","NaN","NaN","--","NaN","NaN","NaN","--","No","00:35:00","1","NaN","--","--","--","00:00:00","00:35:00","--","--"
WU/CD,Running,2024-05-10 11:39:14,false,"Charlottesville Running","2.50","281","00:18:10","144","153","2.3","156","169","7:16","5:36","89","82","1.41","8.0","11.3","270","7:15","391","0.0","386","588","NaN","NaN","--","NaN","NaN","NaN","82.4","No","00:18:10","1","86.0","--","--","--","00:18:09","00:18:10","542","572"
Workout,Track Running,2024-05-10 10:46:50,false,"Charlottesville Track Running","7,830","516","00:32:29","157","180","3.1","133","231","6:41","3:27","13","--","1.82","5.9","9.5","231","--","492","0.0","384","825","NaN","NaN","--","NaN","NaN","NaN","--","No","00:00:01.5","30","NaN","--","--","--","00:28:55","00:40:18","568","568"
WU/CD,Running,2024-05-10 10:09:14,false,"Charlottesville Running","2.56","266","00:16:42","145","167","2.3","156","187","6:32","3:48","52","36","1.57","7.4","11.6","258","6:29","435","0.0","429","648","NaN","NaN","--","NaN","NaN","NaN","75.2","No","00:03:01.6","2","80.6","--","--","--","00:16:38","00:29:54","542","579"
Training Run,Running,2024-05-09 12:17:52,false,"Charlottesville Running","9.30","958","01:01:32","145","163","3.3","157","171","6:37","5:07","666","623","1.54","7.5","11.6","258","6:35","438","0.0","430","641","NaN","NaN","--","NaN","NaN","NaN","80.6","No","01:01:32","1","89.6","--","--","--","01:01:23","01:06:47","417","599"
Recovery,Running,2024-05-08 17:48:14,false,"Charlottesville Running","8.24","860","01:00:18","138","157","2.8","154","170","7:19","5:19","607","597","1.41","8.0","11.3","273","7:14","402","0.0","394","595","NaN","NaN","--","NaN","NaN","NaN","84.2","No","01:00:18","1","89.6","--","--","--","01:00:13","01:03:48","412","583"
Workout,Running,2024-05-07 17:36:17,false,"Charlottesville Running","4.47","449","00:30:00","143","174","2.5","146","214","6:43","3:16","23","7","1.57","7.4","11.2","263","6:44","429","0.0","395","866","NaN","NaN","--","NaN","NaN","NaN","84.2","No","00:00:07.7","13","91.4","--","--","--","00:29:49","00:50:35","538","554"
WU/CD,Running,2024-05-07 10:50:07,false,"Charlottesville Running","1.33","150","00:09:25.5","152","159","2.0","154","162","7:04","6:43","7","7","1.46","7.9","11.6","270","7:05","396","0.0","392","426","NaN","NaN","--","NaN","NaN","NaN","87.8","No","00:09:25.5","1","89.6","--","--","--","00:09:24","00:09:25.5","543","554"
Workout,Running,2024-05-07 10:08:02,false,"Charlottesville Running","5.18","530","00:29:02","168","183","3.5","158","174","5:36","4:30","23","10","1.81","6.6","11.7","236","5:34","484","0.0","472","588","NaN","NaN","--","NaN","NaN","NaN","84.2","No","00:01:00.2","15","89.6","--","--","--","00:28:48","00:29:02","537","556"
WU/CD,Running,2024-05-07 09:35:18,false,"Charlottesville Running","2.55","268","00:16:29","145","172","2.4","157","193","6:28","3:38","85","62","1.57","7.4","11.6","255","6:27","434","0.0","429","702","NaN","NaN","--","NaN","NaN","NaN","78.8","No","00:03:00.5","2","86.0","--","--","--","00:16:25","00:26:50","537","578"
Training Run,Running,2024-05-06 12:00:54,false,"Charlottesville Running","10.04","1,091","01:05:39","156","175","3.8","155","166","6:32","5:07","443","423","1.58","7.5","11.9","261","6:31","438","0.0","434","625","NaN","NaN","--","NaN","NaN","NaN","82.4","No","01:05:39","1","89.6","--","--","--","01:05:33","01:11:01","308","522"
,Elliptical,2024-05-05 21:29:49,false,"Elliptical","0.00","614","00:45:01","140","149","2.4","127","196","--","--","--","--","0.00","NaN","NaN","NaN","--","--","0.0","--","--","NaN","NaN","--","NaN","NaN","NaN","--","No","00:45:01","1","NaN","--","--","--","00:00:00","00:45:01","--","--"
Long Run,Running,2024-05-04 11:34:19,false,"Albemarle County Running","12.04","1,303","01:17:32","157","178","4.0","160","171","6:26","5:44","745","741","1.56","7.4","11.5","252","6:24","448","0.0","440","640","NaN","NaN","--","NaN","NaN","NaN","66.2","No","01:17:32","1","78.8","--","--","--","01:17:27","01:21:10","614","871"
Training Run,Running,2024-05-03 17:44:24,false,"Charlottesville Running","9.07","956","01:01:51","142","164","3.2","155","177","6:49","5:03","620","600","1.51","7.6","11.5","261","6:45","426","0.0","417","595","NaN","NaN","--","NaN","NaN","NaN","86.0","No","01:01:51","1","89.6","--","--","--","01:01:30","01:13:01","360","602"
Training Run,Running,2024-05-02 21:00:47,false,"Charlottesville Running","9.64","1,002","00:58:54","156","170","3.8","156","170","6:07","4:56","518","486","1.67","7.2","12.0","249","6:04","464","0.0","459","627","NaN","NaN","--","NaN","NaN","NaN","82.4","No","00:58:54","1","87.8","--","--","--","00:58:44","01:03:37","441","577"
Training Run,Running,2024-05-01 14:23:59,false,"Charlottesville Running","9.00","980","00:56:33","162","176","3.9","158","172","6:17","5:29","699","692","1.62","7.3","11.7","249","6:11","459","0.0","451","623","NaN","NaN","--","NaN","NaN","NaN","86.0","No","00:56:33","1","91.4","--","--","--","00:56:26","01:00:49","449","612"
Training Run,Running,2024-04-30 15:52:12,false,"Charlottesville Running","10.07","1,049","01:02:41","157","176","3.9","157","169","6:14","5:19","676","679","1.64","7.3","11.9","251","6:11","470","0.0","461","699","NaN","NaN","--","NaN","NaN","NaN","84.2","No","01:02:41","1","89.6","--","--","--","01:02:35","01:05:58","363","606"
Training Run,Running,2024-04-29 14:47:23,false,"Charlottesville Running","9.00","992","00:58:20","161","180","3.7","156","192","6:29","5:21","623","620","1.58","7.5","11.8","258","6:25","448","0.0","441","641","NaN","NaN","--","NaN","NaN","NaN","89.6","No","00:58:20","1","95.0","--","--","--","00:58:15","01:05:09","453","611"
WU/CD,Running,2024-04-28 19:47:43,false,"Charlottesville Running","3.64","424","00:28:00","152","162","2.5","152","161","7:42","6:51","95","89","1.37","8.3","11.3","283","7:42","367","0.0","364","501","NaN","NaN","--","NaN","NaN","NaN","84.2","No","00:28:00","1","86.0","--","--","--","00:27:55","00:33:15","540","574"
WU/CD,Running,2024-04-28 18:25:31,false,"Charlottesville Running","2.58","275","00:16:50","150","174","2.5","154","193","6:31","3:48","52","43","1.59","7.5","11.8","261","6:28","436","0.0","430","652","NaN","NaN","--","NaN","NaN","NaN","84.2","No","00:03:15.3","2","91.4","--","--","--","00:16:48","00:32:39","544","575"
Shakeout,Running,2024-04-28 13:44:45,false,"Charlottesville Running","1.42","158","00:10:00","146","155","2.0","156","165","7:04","6:34","161","128","1.46","7.9","11.5","269","6:58","418","0.0","405","552","NaN","NaN","--","NaN","NaN","NaN","80.6","No","00:10:00","1","89.6","--","--","--","00:10:00","00:10:00","514","585"
Recovery,Running,2024-04-27 16:11:38,false,"Charlottesville Running","5.01","508","00:32:36","146","158","2.8","152","209","6:31","3:00","20","13","1.59","7.6","11.9","265","6:33","421","0.0","425","973","NaN","NaN","--","NaN","NaN","NaN","77.0","No","00:00:04.1","5","86.0","--","--","--","00:32:28","00:58:51","541","558"
,Elliptical,2024-04-26 11:35:51,false,"Elliptical","0.00","678","00:55:00","137","145","2.2","108","192","--","--","--","--","0.00","NaN","NaN","NaN","--","--","0.0","--","--","NaN","NaN","--","NaN","NaN","NaN","--","No","00:55:00","1","NaN","--","--","--","00:00:00","00:55:00","--","--"
Workout,Running,2024-04-25 14:39:12,false,"Charlottesville Running","7.01","688","00:45:52","144","159","2.9","153","205","6:33","3:14","118","95","1.57","7.3","11.1","259","6:34","428","0.0","410","810","NaN","NaN","--","NaN","NaN","NaN","71.6","No","00:00:05.3","14","82.4","--","--","--","00:45:26","01:29:10","540","577"
Training Run,Running,2024-04-24 14:36:13,false,"Charlottesville Running","8.34","826","00:54:58","143","158","3.0","153","214","6:35","3:23","394","354","1.56","7.6","11.8","264","6:37","429","0.0","425","813","NaN","NaN","--","NaN","NaN","NaN","77.0","No","00:01:12.9","2","86.0","--","--","--","00:54:50","01:20:45","441","604"
,Elliptical,2024-04-23 20:20:22,false,"Elliptical","0.00","557","00:35:00","153","169","3.1","135","200","--","--","--","--","0.00","NaN","NaN","NaN","--","--","0.0","--","--","NaN","NaN","--","NaN","NaN","NaN","--","No","00:00:58.1","13","NaN","--","--","--","00:00:00","00:35:00","--","--"
Workout,Running,2024-04-23 14:32:52,false,"Charlottesville Running","7.88","766","00:49:05","149","180","3.2","156","203","6:14","3:06","256","230","1.61","7.3","11.4","257","6:16","457","0.0","442","911","NaN","NaN","--","NaN","NaN","NaN","78.8","No","00:00:26.1","27","89.6","--","--","--","00:48:53","01:26:48","531","580"
Training Run,Running,2024-04-22 14:42:00,false,"Charlottesville Running","9.26","913","01:00:26","144","154","3.1","156","209","6:31","3:25","453","449","1.55","7.5","11.7","259","6:32","433","0.0","429","748","NaN","NaN","--","NaN","NaN","NaN","69.8","No","00:00:59.3","2","86.0","--","--","--","01:00:20","01:19:24","484","599"
,Elliptical,2024-04-21 16:26:03,false,"Elliptical","0.00","754","01:00:00","140","151","2.4","132","200","--","--","--","--","0.00","NaN","NaN","NaN","--","--","0.0","--","--","NaN","NaN","--","NaN","NaN","NaN","--","No","01:00:00","1","NaN","--","--","--","00:00:00","01:02:18","--","--"
Workout,Running,2024-04-20 16:59:20,false,"Charlottesville Running","7.41","738","00:42:30","161","174","3.2","157","177","5:44","5:13","223","210","1.77","6.9","12.2","240","5:44","488","0.0","484","630","NaN","NaN","--","NaN","NaN","NaN","78.8","No","00:42:30","1","84.2","--","--","--","00:42:22","01:33:03","484","596"
Race,Running,2024-04-20 16:38:30,false,"Charlottesville Running","0.33","20","00:01:09.4","159","171","1.2","187","231","3:28","2:54","--","--","2.37","3.4","8.1","181","3:26","757","0.0","729","1,039","NaN","NaN","--","NaN","NaN","NaN","84.2","No","00:01:09.4","1","84.2","--","--","--","00:01:07","00:01:09.4","549","554"
WU/CD,Running,2024-04-20 15:41:11,false,"Charlottesville Running","2.53","267","00:17:13","144","160","2.3","155","197","6:47","3:31","95","82","1.50","7.7","11.4","264","6:47","424","0.0","416","693","NaN","NaN","--","NaN","NaN","NaN","80.6","No","00:03:03.8","2","87.8","--","--","--","00:17:11","00:35:53","539","577"
Shakeout,Running,2024-04-20 11:41:46,false,"Charlottesville Running","2.01","209","00:13:27","142","150","2.1","157","169","6:43","5:42","112","112","1.51","7.6","11.4","258","6:40","429","0.0","420","572","NaN","NaN","--","NaN","NaN","NaN","77.0","No","00:13:27","1","82.4","--","--","--","00:13:27","00:13:44","518","593"
WU/CD,Running,2024-04-19 17:39:23,false,"Charlottesville Running","3.78","418","00:26:07","152","166","2.6","156","167","6:54","6:10","217","194","1.48","7.7","11.5","264","6:52","416","0.0","410","558","NaN","NaN","--","NaN","NaN","NaN","69.8","No","00:26:07","1","77.0","--","--","--","00:26:03","00:31:05","498","595"
WU/CD,Running,2024-04-19 16:24:06,false,"Charlottesville Running","2.59","279","00:17:06","151","160","2.4","157","194","6:36","3:33","105","92","1.54","7.6","11.6","260","6:36","427","0.0","424","735","NaN","NaN","--","NaN","NaN","NaN","71.6","No","00:03:20.7","2","77.0","--","--","--","00:17:05","00:34:16","537","579"
Shakeout,Running,2024-04-19 12:11:50,false,"Charlottesville Running","1.42","154","00:10:21","138","148","1.8","155","167","7:16","5:46","108","98","1.41","7.9","11.1","266","7:07","410","0.0","392","626","NaN","NaN","--","NaN","NaN","NaN","69.8","No","00:10:21","1","80.6","--","--","--","00:10:19","00:10:26","519","589"
Recovery,Running,2024-04-18 14:41:54,false,"Charlottesville Running","5.47","574","00:36:51","149","163","3.0","154","200","6:44","3:16","144","135","1.52","7.7","11.7","266","6:47","408","0.0","410","808","NaN","NaN","--","NaN","NaN","NaN","87.8","No","00:00:04.5","5","93.2","--","--","--","00:36:44","01:02:16","539","579"
,Indoor Cycling,2024-04-17 14:54:28,false,"Indoor Cycling","0.00","614","01:00:00","129","141","2.0","--","--","--","--","--","--","NaN","NaN","NaN","NaN","--","--","0.0","--","--","NaN","NaN","--","NaN","NaN","NaN","--","No","01:00:00","1","NaN","--","--","--","00:00:00","01:00:39","--","--"
Workout,Running,2024-04-16 14:40:57,false,"Charlottesville Running","8.08","838","00:50:45","157","181","3.3","152","209","6:17","3:14","171","154","1.64","7.1","11.3","253","6:18","446","0.0","423","776","NaN","NaN","--","NaN","NaN","NaN","80.6","No","00:00:04.0","20","89.6","--","--","--","00:49:59","01:36:38","537","578"
Training Run,Running,2024-04-15 14:41:16,false,"Charlottesville Running","8.66","918","00:55:19","155","172","3.6","156","205","6:23","3:27","646","554","1.58","7.4","11.6","256","6:23","448","0.0","441","682","NaN","NaN","--","NaN","NaN","NaN","89.6","No","00:01:29.2","2","100.4","--","--","--","00:55:09","01:22:44","455","612"
,Pool Swim,2024-04-14 12:14:18,false,"Pool Swim","1,950","405","00:44:00","120","146","1.4","--","--","2:07","0:49","--","--","NaN","NaN","NaN","NaN","--","--","0.0","--","--","NaN","NaN","971","44","24","NaN","--","No","00:01:09.7","8","NaN","--","--","--","00:41:12","00:50:56","--","--"
Long Run,Running,2024-04-13 10:34:15,false,"Albemarle County Running","12.01","1,220","01:16:04","151","168","3.6","160","171","6:20","5:12","928","948","1.58","7.3","11.5","249","6:16","476","0.0","464","687","NaN","NaN","--","NaN","NaN","NaN","66.2","No","01:16:04","1","84.2","--","--","--","01:16:02","01:17:48","602","873"
,Indoor Cycling,2024-04-12 19:35:19,false,"Indoor Cycling","0.00","458","00:35:00","135","144","2.1","--","--","--","--","--","--","NaN","NaN","NaN","NaN","--","--","0.0","--","--","NaN","NaN","--","NaN","NaN","NaN","--","No","00:35:00","1","NaN","--","--","--","00:00:00","00:35:00","--","--"
WU/CD,Running,2024-04-12 14:10:32,false,"Charlottesville Running","1.79","205","00:12:50","150","161","2.2","153","161","7:11","6:45","52","46","1.46","8.0","11.6","274","7:09","414","0.0","407","504","NaN","NaN","--","NaN","NaN","NaN","77.0","No","00:12:50","1","80.6","--","--","--","00:12:50","00:12:50","538","558"
Workout,Running,2024-04-12 13:37:22,false,"Charlottesville Running","3.06","248","00:15:26","145","165","2.4","165","214","5:02","3:34","36","26","1.89","6.0","10.9","229","5:03","535","0.0","526","806","NaN","NaN","--","NaN","NaN","NaN","68.0","No","00:00:28.4","24","73.4","--","--","--","00:15:18","00:21:59","543","558"
WU/CD,Running,2024-04-12 13:07:02,false,"Charlottesville Running","2.62","280","00:17:06","148","161","2.5","159","195","6:32","3:36","180","171","1.53","7.4","11.3","255","6:29","452","0.0","438","726","NaN","NaN","--","NaN","NaN","NaN","68.0","No","00:03:05.2","2","84.2","--","--","--","00:17:04","00:25:26","478","574"
,Elliptical,2024-04-11 14:51:22,false,"Elliptical","0.00","1,132","01:15:00","148","160","3.3","138","196","--","--","--","--","0.00","NaN","NaN","NaN","--","--","0.0","--","--","NaN","NaN","--","NaN","NaN","NaN","--","No","01:15:00","1","NaN","--","--","--","00:00:00","01:15:00","--","--"
,Elliptical,2024-04-10 20:03:29,false,"Elliptical","0.00","587","00:35:00","157","175","3.3","156","200","--","--","--","--","0.00","NaN","NaN","NaN","--","--","0.0","--","--","NaN","NaN","--","NaN","NaN","NaN","--","No","00:35:00","1","NaN","--","--","--","00:00:00","00:35:00","--","--"
Training Run,Running,2024-04-10 14:35:51,false,"Charlottesville Running","8.02","870","00:55:41","148","160","3.2","155","171","6:56","5:18","312","292","1.48","7.8","11.5","266","6:55","418","0.0","414","607","NaN","NaN","--","NaN","NaN","NaN","82.4","No","00:55:41","1","91.4","--","--","--","00:55:36","00:58:38","496","603"
WU/CD,Running,2024-04-09 15:42:42,false,"Charlottesville Running","2.76","312","00:19:46","152","176","2.4","153","160","7:10","5:52","20","10","1.45","8.0","11.6","273","7:12","391","0.0","389","508","NaN","NaN","--","NaN","NaN","NaN","82.4","No","00:19:46","1","86.0","--","--","--","00:19:44","00:20:26","540","553"
Workout,Running,2024-04-09 15:08:09,false,"Charlottesville Running","2.40","275","00:16:48","154","176","2.5","116","220","7:00","3:25","23","20","1.97","5.7","10.4","229","6:57","481","0.0","359","755","NaN","NaN","--","NaN","NaN","NaN","78.8","No","00:00:02.0","12","82.4","--","--","--","00:13:12","00:20:32","548","559"
WU/CD,Running,2024-04-09 14:35:31,false,"Charlottesville Running","2.60","258","00:16:35","140","171","2.3","156","195","6:23","3:40","33","23","1.58","7.4","11.7","257","6:26","437","0.0","434","722","NaN","NaN","--","NaN","NaN","NaN","80.6","No","00:03:19.8","2","89.6","--","--","--","00:16:32","00:25:35","537","558"
Training Run,Running,2024-04-08 14:43:37,false,"Charlottesville Running","7.92","816","00:52:12","148","163","3.1","155","204","6:35","3:27","331","328","1.54","7.6","11.6","262","6:38","425","0.0","426","810","NaN","NaN","--","NaN","NaN","NaN","75.2","No","00:01:32.6","2","86.0","--","--","--","00:52:05","01:17:19","490","599"
,Pool Swim,2024-04-07 16:14:55,false,"Pool Swim","2,750","546","01:00:40","119","142","1.6","--","--","2:12","1:54","--","--","NaN","NaN","NaN","NaN","--","--","0.0","--","--","NaN","NaN","1496","47","25","NaN","--","No","00:10:43","5","NaN","--","--","--","01:00:40","01:07:28","--","--"
